[{
  "make": "Noah",
  "model": "Toyota"
},{
  "make": "Rumion",
  "model": "Toyota"
},{
  "make": "Q6",
  "model": "Audi"
},{
  "make": "Corrola cross",
  "model": "Toyota"
},{
  "make": "Axela",
  "model": "Mazda"
},{
  "make": "Atenza",
  "model": "Mazda"
},{
  "make": "Wingroad",
  "model": "Nissan"
},{
  "make": "Spade",
  "model": "Nissan"
},{
  "make": "Levante",
  "model": "Maserati"
},{
  "make": "D-Max",
  "model": "Isuzu"
},{
  "make": "X-Trail",
  "model": "Nissan"
},{
  "make": "GTR",
  "model": "Nissan"
}, {
  "make": "Legacy",
  "model": "Subaru"
}]